{
  "dataset": "compas",
  "dataset_info": {
    "name": "COMPAS",
    "n_samples": 5278,
    "n_features": 8,
    "base_rate": 0.47044334975369456,
    "base_rate_group_0": 0.3908701854493581,
    "base_rate_group_1": 0.5231496062992126,
    "group_0_name": "Caucasian",
    "group_1_name": "African-American"
  },
  "timestamp": "2026-03-06T13:04:27.688691",
  "full_model_evaluation": [
    {
      "model": "logistic_regression",
      "n_features": 8,
      "ml_accuracy": 0.65625,
      "ml_precision": 0.6587677725118484,
      "ml_recall": 0.5593561368209256,
      "ml_f1": 0.6050054406964092,
      "ml_specificity": 0.7423971377459749,
      "ml_balanced_accuracy": 0.6508766372834502,
      "ml_auc_roc": 0.7110426422578404,
      "ml_auc_pr": 0.6802669028197552,
      "ml_avg_precision": 0.6808864379561013,
      "fairness_spd": -0.23334560176665442,
      "fairness_di": 0.5280397022332506,
      "fairness_eod": -0.22432092102896206,
      "fairness_ped": -0.17783783783783785,
      "fairness_aod": 0.20107937943339996,
      "fairness_eor": 0.4769475357710652,
      "fairness_ppv_diff": -0.04596774193548392,
      "fairness_npv_diff": 0.05993690851735012,
      "fairness_treatment_equality": 1.2142857142857142,
      "fairness_calibration_diff": 0.010548474550882314,
      "group_0_n_samples": 429,
      "group_0_base_rate": 0.3962703962703963,
      "group_0_positive_rate": 0.26107226107226106,
      "group_0_tpr": 0.4117647058823529,
      "group_0_fpr": 0.16216216216216217,
      "group_0_tnr": 0.8378378378378378,
      "group_0_fnr": 0.5882352941176471,
      "group_0_ppv": 0.625,
      "group_0_npv": 0.6845425867507886,
      "group_0_accuracy": 0.668997668997669,
      "group_0_auc": 0.6813763343175108,
      "group_1_n_samples": 627,
      "group_1_base_rate": 0.5215311004784688,
      "group_1_positive_rate": 0.4944178628389155,
      "group_1_tpr": 0.636085626911315,
      "group_1_fpr": 0.34,
      "group_1_tnr": 0.66,
      "group_1_fnr": 0.363914373088685,
      "group_1_ppv": 0.6709677419354839,
      "group_1_npv": 0.6246056782334385,
      "group_1_accuracy": 0.6475279106858054,
      "group_1_auc": 0.713369011213048
    },
    {
      "model": "random_forest",
      "n_features": 8,
      "ml_accuracy": 0.6619318181818182,
      "ml_precision": 0.6515151515151515,
      "ml_recall": 0.6056338028169014,
      "ml_f1": 0.6277372262773723,
      "ml_specificity": 0.7119856887298748,
      "ml_balanced_accuracy": 0.6588097457733881,
      "ml_auc_roc": 0.7163733744146452,
      "ml_auc_pr": 0.687637063846335,
      "ml_avg_precision": 0.6881337026323486,
      "fairness_spd": -0.24610477242056183,
      "fairness_di": 0.542113672677471,
      "fairness_eod": -0.25889548479942437,
      "fairness_ped": -0.16975546975546973,
      "fairness_aod": 0.21432547727744705,
      "fairness_eor": 0.537030537030537,
      "fairness_ppv_diff": -0.08159050445103866,
      "fairness_npv_diff": 0.029038112522686066,
      "fairness_treatment_equality": 0.9732620320855615,
      "fairness_calibration_diff": 0.017660777226876118,
      "group_0_n_samples": 429,
      "group_0_base_rate": 0.3962703962703963,
      "group_0_positive_rate": 0.2913752913752914,
      "group_0_tpr": 0.43529411764705883,
      "group_0_fpr": 0.1969111969111969,
      "group_0_tnr": 0.803088803088803,
      "group_0_fnr": 0.5647058823529412,
      "group_0_ppv": 0.592,
      "group_0_npv": 0.6842105263157895,
      "group_0_accuracy": 0.6573426573426573,
      "group_0_auc": 0.6864183511242334,
      "group_1_n_samples": 627,
      "group_1_base_rate": 0.5215311004784688,
      "group_1_positive_rate": 0.5374800637958532,
      "group_1_tpr": 0.6941896024464832,
      "group_1_fpr": 0.36666666666666664,
      "group_1_tnr": 0.6333333333333333,
      "group_1_fnr": 0.3058103975535168,
      "group_1_ppv": 0.6735905044510386,
      "group_1_npv": 0.6551724137931034,
      "group_1_accuracy": 0.6650717703349283,
      "group_1_auc": 0.7214729867482161
    },
    {
      "model": "gradient_boosting",
      "n_features": 8,
      "ml_accuracy": 0.665719696969697,
      "ml_precision": 0.6643835616438356,
      "ml_recall": 0.5855130784708249,
      "ml_f1": 0.6224598930481283,
      "ml_specificity": 0.7370304114490162,
      "ml_balanced_accuracy": 0.6612717449599206,
      "ml_auc_roc": 0.7115015675448038,
      "ml_auc_pr": 0.6842891242379796,
      "ml_avg_precision": 0.6846944884784486,
      "fairness_spd": -0.23923444976076558,
      "fairness_di": 0.5327102803738317,
      "fairness_eod": -0.24619535887749594,
      "fairness_ped": -0.16625482625482627,
      "fairness_aod": 0.20622509256616112,
      "fairness_eor": 0.5110152168975698,
      "fairness_ppv_diff": -0.06685837526959015,
      "fairness_npv_diff": 0.038838612368024106,
      "fairness_treatment_equality": 1.1189542483660129,
      "fairness_calibration_diff": 0.0031458309997661055,
      "group_0_n_samples": 429,
      "group_0_base_rate": 0.3962703962703963,
      "group_0_positive_rate": 0.2727272727272727,
      "group_0_tpr": 0.4235294117647059,
      "group_0_fpr": 0.17374517374517376,
      "group_0_tnr": 0.8262548262548263,
      "group_0_fnr": 0.5764705882352941,
      "group_0_ppv": 0.6153846153846154,
      "group_0_npv": 0.6858974358974359,
      "group_0_accuracy": 0.6666666666666666,
      "group_0_auc": 0.6833749716102657,
      "group_1_n_samples": 627,
      "group_1_base_rate": 0.5215311004784688,
      "group_1_positive_rate": 0.5119617224880383,
      "group_1_tpr": 0.6697247706422018,
      "group_1_fpr": 0.34,
      "group_1_tnr": 0.66,
      "group_1_fnr": 0.3302752293577982,
      "group_1_ppv": 0.6822429906542056,
      "group_1_npv": 0.6470588235294118,
      "group_1_accuracy": 0.6650717703349283,
      "group_1_auc": 0.7161518858307849
    }
  ],
  "simple_baseline": {
    "model": "simple_baseline",
    "features": [
      "age",
      "priors_count"
    ],
    "n_features": 2,
    "ml_accuracy": 0.6609848484848485,
    "ml_precision": 0.6750629722921915,
    "ml_recall": 0.5392354124748491,
    "ml_f1": 0.5995525727069351,
    "ml_specificity": 0.7692307692307693,
    "ml_balanced_accuracy": 0.6542330908528091,
    "ml_auc_roc": 0.714496280005615,
    "ml_auc_pr": 0.6777940836793015,
    "ml_avg_precision": 0.6778715264769768,
    "fairness_spd": -0.21702858544963807,
    "fairness_di": 0.5323817076394396,
    "fairness_eod": -0.2384421658571686,
    "fairness_ped": -0.13503217503217504,
    "fairness_aod": 0.1867371704446718,
    "fairness_eor": 0.5396630396630396,
    "fairness_ppv_diff": -0.08438695454840173,
    "fairness_npv_diff": 0.043970219666814137,
    "fairness_treatment_equality": 1.1518847006651884,
    "fairness_calibration_diff": 0.005593857245451035
  },
  "feature_reduction": {
    "mutual_information": [
      {
        "n_features": 2,
        "features": "['priors_count', 'age']",
        "accuracy": 0.6609848484848485,
        "auc": 0.714496280005615,
        "spd": -0.21702858544963807,
        "di": 0.5323817076394396,
        "eod": -0.2384421658571686,
        "aod": 0.1867371704446718
      },
      {
        "n_features": 3,
        "features": "['priors_count', 'age', 'sex']",
        "accuracy": 0.665719696969697,
        "auc": 0.7122466462459911,
        "spd": -0.2517482517482517,
        "di": 0.5113122171945702,
        "eod": -0.2520777118186724,
        "aod": 0.21829110816158845
      },
      {
        "n_features": 5,
        "features": "['priors_count', 'age', 'sex', 'c_charge_degree', 'juv_other_count']",
        "accuracy": 0.6496212121212122,
        "auc": 0.7069141143821787,
        "spd": -0.2246350141086983,
        "di": 0.5397184514831574,
        "eod": -0.2358517719014211,