n_features,accuracy,auc,spd,di,eod,aod
2,0.9502810962754743,0.9747813249482614,-0.036835857041291276,0.9220940844251021,0.021005123174830276,0.014401230263443688
3,0.9543469531171569,0.9791024004371807,-0.04020007641027168,0.9161033942943028,0.015137578625577519,0.011194701499577818
5,0.9539579359502058,0.9811002275795868,-0.04063317055913679,0.9153405649132494,0.014951392488168014,0.010759013058693048
7,0.9540959742997691,0.9818625245931606,-0.04057195365183652,0.9154297529581589,0.015056351816428282,0.010836972031310892
10,0.9570449754040758,0.9856149120119033,-0.04482166936841536,0.9079818116645945,0.007253414930695756,0.0065124093415568005
