{
  "dataset": "ssl",
  "dataset_info": {
    "name": "Chicago SSL",
    "n_samples": 398440,
    "n_features": 7,
    "base_rate": 0.43414064852926415,
    "base_rate_group_0": 0.4041420893957268,
    "base_rate_group_1": 0.4616854825120959,
    "group_0_name": "Non-Black",
    "group_1_name": "Black",
    "score_threshold": 300
  },
  "timestamp": "2026-03-06T13:19:34.201396",
  "full_model_evaluation": [
    {
      "model": "logistic_regression",
      "n_features": 7,
      "ml_accuracy": 0.9510591306093765,
      "ml_precision": 0.9212317488198485,
      "ml_recall": 0.9702277719967626,
      "ml_f1": 0.945095168374817,
      "ml_specificity": 0.936352346314202,
      "ml_balanced_accuracy": 0.9532900591554823,
      "ml_auc_roc": 0.9798426417215631,
      "ml_auc_pr": 0.9704135434636632,
      "ml_avg_precision": 0.9679456909758519,
      "fairness_spd": -0.03989219347296763,
      "fairness_di": 0.9162683172689801,
      "fairness_eod": 0.0174876450676823,
      "fairness_ped": 0.005285789775297915,
      "fairness_aod": 0.011386717421490108,
      "fairness_eor": 0.9202269026896799,
      "fairness_ppv_diff": -0.02127295738758095,
      "fairness_npv_diff": 0.018637186146811757,
      "fairness_treatment_equality": 0.320446234603343,
      "fairness_calibration_diff": 0.0001950170210956231,
      "group_0_n_samples": 38345,
      "group_0_base_rate": 0.4052940409440605,
      "group_0_positive_rate": 0.43653670621984614,
      "group_0_tpr": 0.979859725886365,
      "group_0_fpr": 0.06626030520961235,
      "group_0_tnr": 0.9337396947903877,
      "group_0_fnr": 0.0201402741136349,
      "group_0_ppv": 0.9097317641436167,
      "group_0_npv": 0.9855132833472183,
      "group_0_accuracy": 0.9524318685617421,
      "group_0_auc": 0.9788070122970918,
      "group_1_n_samples": 41343,
      "group_1_base_rate": 0.4609002733231744,
      "group_1_positive_rate": 0.47642889969281377,
      "group_1_tpr": 0.9623720808186828,
      "group_1_fpr": 0.06097451543431443,
      "group_1_tnr": 0.9390254845656856,
      "group_1_fnr": 0.03762791918131724,
      "group_1_ppv": 0.9310047215311976,
      "group_1_npv": 0.9668760972004066,
      "group_1_accuracy": 0.9497859371598578,
      "group_1_auc": 0.9803656877557936
    },
    {
      "model": "random_forest",
      "n_features": 7,
      "ml_accuracy": 0.9515108924806747,
      "ml_precision": 0.9224910640637889,
      "ml_recall": 0.9697941958607932,
      "ml_f1": 0.9455513908068652,
      "ml_specificity": 0.937483367337887,
      "ml_balanced_accuracy": 0.9536387815993401,
      "ml_auc_roc": 0.9801593847362965,
      "ml_auc_pr": 0.9713042124065798,
      "ml_avg_precision": 0.9688677340868602,
      "fairness_spd": -0.03920059702869555,
      "fairness_di": 0.9175189433071729,
      "fairness_eod": 0.01792436326618696,
      "fairness_ped": 0.006243229390241856,
      "fairness_aod": 0.012083796328214408,
      "fairness_eor": 0.9048324846155914,
      "fairness_ppv_diff": -0.022136662410715657,
      "fairness_npv_diff": 0.01899036888186234,
      "fairness_treatment_equality": 0.33979046163920107,
      "fairness_calibration_diff": 0.0017199773734932282,
      "group_0_n_samples": 38345,
      "group_0_base_rate": 0.4052940409440605,
      "group_0_positive_rate": 0.4360672838701265,
      "group_0_tpr": 0.9796666881153079,
      "group_0_fpr": 0.06560252587265392,
      "group_0_tnr": 0.9343974741273461,
      "group_0_fnr": 0.020333311884692104,
      "group_0_ppv": 0.9105316667663417,
      "group_0_npv": 0.985386607473178,
      "group_0_accuracy": 0.9527448167948885,
      "group_0_auc": 0.9788261024719163,
      "group_1_n_samples": 41343,
      "group_1_base_rate": 0.4609002733231744,
      "group_1_positive_rate": 0.47526788089882205,
      "group_1_tpr": 0.9617423248491209,
      "group_1_fpr": 0.05935929648241206,
      "group_1_tnr": 0.940640703517588,
      "group_1_fnr": 0.038257675150879036,
      "group_1_ppv": 0.9326683291770573,
      "group_1_npv": 0.9663962385913156,
      "group_1_accuracy": 0.9503664465568537,
      "group_1_auc": 0.9806576423840537
    },
    {
      "model": "gradient_boosting",
      "n_features": 7,
      "ml_accuracy": 0.9515610882441522,
      "ml_precision": 0.9220818456468003,
      "ml_recall": 0.9704301075268817,
      "ml_f1": 0.9456383967552038,
      "ml_specificity": 0.9370841834471747,
      "ml_balanced_accuracy": 0.9537571454870282,
      "ml_auc_roc": 0.9802926239174932,
      "ml_auc_pr": 0.9714549583034934,
      "ml_avg_precision": 0.9690430503453209,
      "fairness_spd": -0.03971571049162209,
      "fairness_di": 0.916566736846792,
      "fairness_eod": 0.017237113006587146,
      "fairness_ped": 0.005879215658818819,
      "fairness_aod": 0.011558164332702982,
      "fairness_eor": 0.9106797908836081,
      "fairness_ppv_diff": -0.021832888681546758,
      "fairness_npv_diff": 0.018386518386835582,
      "fairness_treatment_equality": 0.32432420302632575,
      "fairness_calibration_diff": 0.00186436910004239,
      "group_0_n_samples": 38345,
      "group_0_base_rate": 0.4052940409440605,
      "group_0_positive_rate": 0.4363019950449863,
      "group_0_tpr": 0.9799240718100508,
      "group_0_fpr": 0.06582178565164007,
      "group_0_tnr": 0.9341782143483599,
      "group_0_fnr": 0.020075928189949167,
      "group_0_ppv": 0.9102809324566646,
      "group_0_npv": 0.9855655794587093,
      "group_0_accuracy": 0.9527187377754597,
      "group_0_auc": 0.9789223645832362,
      "group_1_n_samples": 41343,
      "group_1_base_rate": 0.4609002733231744,
      "group_1_positive_rate": 0.4760177055366084,
      "group_1_tpr": 0.9626869588034637,
      "group_1_fpr": 0.05994256999282125,
      "group_1_tnr": 0.9400574300071788,
      "group_1_fnr": 0.03731304119653634,
      "group_1_ppv": 0.9321138211382114,
      "group_1_npv": 0.9671790610718737,
      "group_1_accuracy": 0.9504873860145611,
      "group_1_auc": 0.980827012211788
    }
  ],
  "simple_baseline": {
    "model": "simple_baseline",
    "features": [
      "age_curr_ord",
      "age_at_arrest_ord"
    ],
    "n_features": 2,
    "ml_accuracy": 0.9502810962754743,
    "ml_precision": 0.9223515138145921,
    "ml_recall": 0.966874783211932,
    "ml_f1": 0.9440885100618103,
    "ml_specificity": 0.937549897986339,
    "ml_balanced_accuracy": 0.9522123405991355,
    "ml_auc_roc": 0.9747813249482614,
    "ml_auc_pr": 0.9707927800513622,
    "ml_avg_precision": 0.946436574596604,
    "fairness_spd": -0.036835857041291276,
    "fairness_di": 0.9220940844251021,
    "fairness_eod": 0.021005123174830276,
    "fairness_ped": 0.0077973373520571,
    "fairness_aod": 0.014401230263443688,
    "fairness_eor": 0.8824004755447684,
    "fairness_ppv_diff": -0.02373384879420981,
    "fairness_npv_diff": 0.021720472462619433,
    "fairness_treatment_equality": 0.40037166877657676,
    "fairness_calibration_diff": 0.005349590377055716
  },
  "feature_reduction": {
    "mutual_information": [
      {
        "n_features": 2,
        "features": "['age_curr_ord', 'age_at_arrest_ord']",
        "accuracy": 0.9502810962754743,
        "auc": 0.9747813249482614,
        "spd": -0.036835857041291276,
        "di": 0.9220940844251021,
        "eod": 0.021005123174830276,
        "aod": 0.014401230263443688
      },
      {
        "n_features": 3,
        "features": "['age_curr_ord', 'age_at_arrest_ord', 'latest_year_recent']",
        "accuracy": 0.9503061941572132,
        "auc": 0.9760858870030564,
        "spd": -0.03683396591340388,
        "di": 0.9221020690184738,
        "eod": 0.02101698943438579,
        "aod": 0.014407163393221446
      },
      {
        "n_features": 5,
        "features": "['age_curr_ord', 'age_at_arrest_ord', 'latest_year_recent', 'cpd_arrest_flag', 'drug_flag']",