n_features,accuracy,auc,spd,di,eod,aod
2,0.9502810962754743,0.9747813249482614,-0.036835857041291276,0.9220940844251021,0.021005123174830276,0.014401230263443688
3,0.9530042164441321,0.9776878299282472,-0.0395488944665387,0.9173455695111662,0.016019207266662283,0.011736516192468321
5,0.9570575243449453,0.9847884718455434,-0.04475667020534041,0.908083303546799,0.00763263883916232,0.006614825002851203
7,0.9581367332597128,0.9884141857762986,-0.04454096303643884,0.9081659168753495,0.006818037342619099,0.006791207007935927
10,0.9587390824214437,0.9893016072422104,-0.04498927893548754,0.9070375970097031,0.005664825342183599,0.006300176068981842
